,Cement (component 1)(kg in a m^3 mixture),Blast Furnace Slag (component 2)(kg in a m^3 mixture),Fly Ash (component 3)(kg in a m^3 mixture),Water  (component 4)(kg in a m^3 mixture),Superplasticizer (component 5)(kg in a m^3 mixture),Coarse Aggregate  (component 6)(kg in a m^3 mixture),Fine Aggregate (component 7)(kg in a m^3 mixture),Age (day),"Concrete compressive strength(MPa, megapascals) "
count,1030.0,1030.0,1030.0,1030.0,1030.0,1030.0,1030.0,1030.0,1030.0
mean,281.16563106796116,73.89548543689321,54.1871359223301,181.56635922330096,6.203111650485437,972.9185922330097,773.5788834951456,45.662135922330094,35.8178358261136
std,104.5071416428718,86.27910364316895,63.99646938186508,21.355567066911522,5.973491650590111,77.75381809178927,80.1754273990239,63.16991158103249,16.705679174867946
min,102.0,0.0,0.0,121.75,0.0,801.0,594.0,1.0,2.331807832
25%,192.375,0.0,0.0,164.9,0.0,932.0,730.95,7.0,23.707115153
50%,272.9,22.0,0.0,185.0,6.35,968.0,779.51,28.0,34.44277358
75%,350.0,142.95,118.27,192.0,10.16,1029.4,824.0,56.0,46.13628654
max,540.0,359.4,200.1,247.0,32.2,1145.0,992.6,365.0,82.5992248
